price1,id
465.565,2242
300.875,20532
519.981,10648
1405.264,20677
466.174,12593
469.548,11159
1141.214,10680
2008.886,6433
236.201,2794
1081.785,11579
255.19,13859
511.13,12260
424.52,18254
550.294,19453
999.627,8121
568.37,9791
1894.519,7402
274.15,3205
357.606,14489
730.076,10607
495.355,3659
513.377,7625
3217.611,12862
477.427,13985
510.979,10206
2548.148,6889
744.414,17791
2148.248,8920
481.73,15762
354.278,9762
693.118,15247
242.914,14490
303.478,3545
521.122,4122
486.47,9075
556.332,17580
627.315,15546
384.862,16679
552.638,7800
288.803,10314
552.94,20247
1131.261,10068
419.6,971
439.493,3832
2112.848,6052
4076.076,12718
376.786,11469
552.518,10655
456.952,5933
336.095,7000
495.355,18084
2341.285,20918
842.876,16193
1890.621,6116
377.463,7581
455.684,2214
537.022,19489
1406.149,2592
1406.149,14541
507.045,5584
626.425,20002
2374.257,341
829.571,10363
383.677,12292
381.221,19769
130.536,4521
179.562,8402
436.342,8485
393.7,7561
283.799,9885
551.433,2582
237.029,8209
567.15,13611
260.651,13591
368.256,9676
583.372,13851
517.324,16691
567.652,17785
451.905,18685
750.882,3369
753.725,16066
749.351,3003
249.297,18981
610.227,13554
440.472,11588
2891.42,16379
502.435,12575
255.187,9249
305.367,15449
556.245,20597
1222.285,12342
482.994,9065
468.48,17968
938.477,17803
470.738,13495
1491.069,11078
698.22,19475
312.513,19860
494.365,805
817.297,1
547.609,13151
773.201,4133
622.964,446
1175.722,18830
481.112,7909
999.002,13969
2225.297,6901
2826.024,3961
1064.538,10150
622.489,4490
268.214,5897
520.894,20844
794.296,19011
527.215,18577
606.78,3555
562.362,15716
500.959,20324
1857.049,18654
333.587,8184
241.409,4349
253.229,13737
552.546,10749
560.55,19921
721.043,15467
336.569,10725
536.67,18354
441.665,153
660.399,8961
540.291,501
223.904,18332
716.3,4068
506.853,13206
596.622,15926
512.081,20705
554.083,15433
567.833,16477
547.517,15608
223.239,4957
396.852,9095
533.064,12618
223.18,17259
383.636,6906
300.24,20713
584.681,15305
496.527,5370
555.416,20079
336.744,5574
97.178,8049
2355.866,3493
582.221,7390
546.028,12996
408.905,150
507.68,7941
471.464,16993
568.931,18502
361.166,1046
379.862,17121
940.634,15629
553.949,18932
486.744,8131
427.957,6926
512.148,11131
364.625,10941
359.521,12030
480.395,17959
439.894,14464
322.543,18288
739.01,17404
2121.57,930
421.972,10001
2690.36,7044
381.242,17375
445.781,13231
999.657,3147
524.986,4856
696.409,14757
577.315,14918
192.855,10947
443.432,17853
775.561,6359
495.035,14331
268.698,6111
2743.96,20276
1506.956,10660
554.083,4222
567.493,20592
1982.863,1023
376.57,14844
592.912,11145
517.023,12578
255.663,8668
574.119,18474
342.854,9807
1015.885,15911
792.506,3721
683.443,19353
544.127,17362
516.799,11120
347.033,18867
328.967,17178
367.045,6879
410.087,4802
223.808,15451
437.52,15857
735.944,3179
441.812,7258
704.546,6247
903.228,14378
1094.942,9308
364.743,8879
514.663,9484
605.959,7676
755.347,14419
238.379,19097
1337.243,168
233.479,4427
637.946,12771
436.423,17299
536.42,5118
587.655,12040
662.552,13747
483.821,18751
436.857,5227
821.114,12100
451.775,17604
376.371,1218
281.056,18775
246.45,10853
334.548,3168
242.914,14636
304.83,7927
683.583,17035
420.512,8762
471.527,2152
281.266,17152
317.838,9824
3388.714,8142
785.377,15932
441.812,1141
2789.145,17330
410.216,19889
751.318,4915
555.256,693
417.737,14449
562.286,1975
563.767,4055
495.808,13336
589.207,15678
568.067,8491
343.537,15115
547.026,14146
414.259,19296
335.011,13281
421.931,20363
307.953,13879
303.646,7859
472.237,18819
381.232,3538
318.903,13185
480.563,10595
669.25,857
551.829,7654
502.512,12429
536.507,18200
522.321,9710
772.688,12240
354.271,2939
402.999,120
941.95,11548
1283.095,5261
536.223,5598
878.382,7679
532.17,1820
483.731,3259
338.065,623
532.656,10503
552.592,9267
1025.77,16624
495.328,20850
563.801,9821
514.721,4693
684.854,14824
495.355,14096
593.708,6149
547.403,6373
495.323,12989
567.174,5547
2891.931,5420
739.041,2058
567.612,20958
954.4,13945
517.143,6245
230.757,15624
268.492,13317
462.208,1802
394.743,18216
503.511,17276
481.609,10247
1623.881,9532
684.388,1568
613.375,13427
313.769,12689
842.859,9955
637.097,8860
565.02,9425
1179.988,19772
1017.681,5233
693.152,12556
266.58,11977
684.945,17523
855.352,4760
448.965,17714
243.4,12022
2590.693,9905
560.063,205
304.658,11438
587.696,13352
426.8,17203
400.782,650
2751.168,11186
486.546,6485
3670.418,17370
533.836,19084
707.47,6484
310.615,5341
770.231,8138
391.577,8708
603.245,6397
535.926,12836
340.525,12251
205.791,17860
502.011,2181
585.34,19757
316.865,143
602.751,13111
797.663,7723
426.708,13060
547.448,7508
391.313,12366
726.308,10779
489.062,11653
471.625,13751
527.345,15564
10.206,11454
735.988,10572
396.762,5140
378.489,1523
999.657,20160
433.429,9103
2125.752,14595
567.88,9727
559.915,7265
517.165,15253
877.997,15590
334.056,9682
475.603,15271
529.017,18032
519.263,14029
519.865,8552
517.035,15074
192.01,11288
1659.051,20607
511.935,1184
440.926,1651
474.918,7177
248.695,1834
2473.881,17391
440.937,9564
466.679,17589
516.811,2022
567.15,1552
553.949,7158
288.064,7311
441.228,20026
1713.689,16405
456.43,17235
639.472,15558
549.602,8468
567.434,7424
2074.258,7307
798.999,18602
310.338,7421
362.262,2801
251.042,6154
426.473,3296
694.743,8568
232.285,9285
517.801,16978
1677.803,17817
1160.091,7127
327.457,6890
276.204,3057
381.225,10994
552.546,10840
954.697,14037
508.969,9685
455.425,14404
383.677,9165
252.28,6006
280.389,5819
263.654,8709
512.77,18154
457.647,808
502.48,9059
442.061,15285
2762.19,2081
366.018,17823
1202.917,15500
637.3,1068
546.482,9008
587.258,4204
1307.722,6919
799.95,12720
471.794,15904
318.339,5606
566.988,8893
267.829,12084
369.253,7485
525.104,11935
314.324,17576
579.716,10746
655.609,426
3123.888,364
441.997,12415
466.698,5546
780.509,12801
2314.204,4203
328.333,12857
205.933,3163
1597.108,20485
300.921,10786
810.929,20165
249.687,8038
319.767,7474
1989.776,16133
567.277,12048
277.73,911
531.757,14767
414.833,19044
636.888,12538
581.178,11676
254.05,154
1728.901,4829
720.2,2485
253.006,15721
1049.833,16235
969.088,8337
704.919,15320
450.242,6963
375.545,5470
486.447,1262
464.042,4487
268.838,4409
1005.806,4027
245.161,2
754.786,17707
551.261,10810
444.573,381
391.438,3743
522.261,6388
547.448,13531
552.539,9761
501.843,11540
486.685,10024
563.324,19053
529.017,20654
248.576,17347
295.768,7237
488.027,18971
295.977,17000
541.672,19585
891.387,14974
486.188,13045
1450.01,11866
145.696,16764
659.339,8099
856.62,10714
292.347,7537
452.372,1828
622.699,8170
501.405,7499
735.97,18825
268.188,13661
519.263,9501
582.213,1706
595.307,2739
494.755,17997
475.729,487
551.551,7782
1642.476,2373
437.769,17478
683.458,615
267.665,3741
416.114,14957
493.454,430
303.255,2007
456.752,17652
323.173,18160
577.983,8735
856.62,18121
2810.913,4125
336.15,6897
377.882,16646
569.362,13731
562.066,4524
1017.681,14108
502.051,17782
594.287,7382
551.942,11839
232.186,15281
1052.869,14840
510.367,17682
442.759,9898
550.569,18766
760.79,13555
302.203,3798
476.37,9207
537.799,10862
548.063,10624
352.931,10905
517.186,19255
568.802,18233
362.665,4872
324.991,9626
537.053,13113
480.141,18793
516.937,15019
189.68,7970
1080.907,6346
567.861,3287
652.605,9179
1406.808,5523
471.27,3676
533.759,5772
476.877,18087
500.96,8476
769.873,3375
541.67,14759
651.927,13247
324.83,20691
262.985,17700
442.407,4998
503.44,8528
501.399,2700
498.586,14012
527.656,7375
575.613,12102
751.95,7804
1092.215,13608
530.497,11052
533.188,13933
251.86,9043
554.083,14417
1061.583,13488
545.088,13607
1475.146,950
1692.197,20644
2617.424,6002
1208.53,18246
316.03,10561
247.8,7439
314.066,20636
815.27,11782
1616.317,8554
586.393,6651
502.469,11948
332.364,17885
1907.336,20649
175.873,20433
551.865,14405
695.526,1959
2346.097,17026
337.927,10442
506.84,12912
236.972,18348
2720.799,17934
213.084,8428
471.947,6200
578.398,10687
801.14,16547
279.953,5778
2008.886,18683
1894.995,19052
566.967,18688
705.034,18266
777.862,4292
559.172,719
2345.212,18846
487.0,12644
551.458,17614
683.243,20756
446.657,1408
507.585,19075
545.531,11681
558.183,10488
713.472,17223
536.488,10992
1695.093,19379
296.967,10896
246.338,18871
407.01,2815
496.839,18307
290.089,19536
3262.64,12667
450.059,16623
552.557,1628
582.416,17431
387.732,7934
408.135,12817
753.477,5156
470.738,6588
683.276,14847
728.237,1775
855.609,19167
523.334,2929
319.937,9609
1350.528,16711
740.726,20594
1711.879,8202
352.686,4507
567.959,1944
532.697,18003
3714.394,14287
296.193,2224
462.221,6178
1011.94,6267
672.874,10508
455.916,8089
391.683,3450
563.904,14507
278.153,18783
683.434,15726
528.448,20260
538.097,10638
471.398,10414
572.569,19375
584.272,1902
759.995,13834
2008.886,11807
449.127,741
565.393,10497
1874.963,12241
531.781,4714
1758.718,8258
1148.298,13588
377.855,17446
831.122,732
1769.915,3326
284.545,12012
338.755,5688
413.331,13342
460.337,6583
761.804,4774
208.122,6026
531.953,7111
465.153,15353
532.726,18425
376.245,2368
446.678,10979
578.823,7717
313.236,1576
583.654,7154
511.612,15871
486.455,18659
455.415,3162
518.072,5694
471.479,11042
296.997,7370
561.793,5218
553.953,7190
2831.45,9020
480.563,19313
583.12,5550
534.422,4359
416.387,17103
1748.004,4795
303.342,8197
450.372,2953
1918.127,10716
508.672,3746
442.621,14973
959.422,20578
1305.242,1564
761.024,5424
439.277,12116
354.015,20085
102.636,3762
224.955,2406
384.279,19657
295.283,7855
517.135,16586
515.709,9799
186.29,11444
517.005,11800
866.456,3107
1253.903,20285
508.479,9080
749.011,6635
311.067,17395
815.876,12184
283.624,17100
1039.908,16148
515.01,7903
1210.939,12608
479.695,666
568.719,18100
334.03,14717
536.732,13324
342.749,14189
1713.734,3461
1402.572,19775
328.301,4075
537.095,19111
371.681,7551
297.721,20848
539.401,9140
577.631,6740
390.859,15578
295.271,14791
675.035,16497
1004.363,13686
426.568,20762
328.45,2364
508.773,12545
994.046,10225
236.193,13221
266.55,14812
448.65,16530
373.123,315
350.768,6953
1033.399,4723
658.764,17802
4146.417,11484
280.943,1874
237.901,4649
497.203,18207
531.017,4386
569.012,6434
535.985,3069
570.704,15930
421.789,14733
487.51,3883
555.927,9445
587.255,2352
688.978,9247
284.072,15399
581.751,18039
603.965,15398
402.147,15033
570.003,4934
492.388,3224
2320.72,18343
596.033,10785
2352.095,12486
448.16,17587
275.214,11340
536.416,9742
449.139,5505
222.101,20423
518.026,15009
520.692,8734
487.425,2263
724.339,136
548.534,12916
464.49,3873
462.387,11464
495.808,4512
406.264,6069
529.766,18268
634.614,14624
317.741,10060
582.796,17500
202.608,1898
348.192,448
501.783,18279
466.399,11814
344.338,5878
771.887,20559
636.786,95
525.385,11020
544.478,20380
1770.509,3868
810.952,8365
440.676,17476
533.311,11208
312.358,3037
467.15,8940
495.527,2491
809.739,2404
368.416,20204
1968.967,11037
2463.054,3814
1539.84,6838
230.747,4456
505.362,4646
1320.223,15179
238.887,18208
527.345,10478
2196.117,17102
401.31,20097
713.393,18990
864.577,18569
275.565,11445
519.438,20948
642.729,16346
516.438,12943
491.818,18835
538.267,1589
544.297,13127
452.12,11731
1338.729,937
2370.818,7788
222.513,8664
383.636,8067
602.756,1779
466.832,9520
802.339,6943
569.959,13212
2490.508,8456
246.178,14297
542.265,9677
4000.333,19908
474.388,11764
466.457,13543
563.479,15722
276.62,1989
361.34,11105
569.338,13906
244.911,20739
1325.256,8778
618.565,6720
218.875,15000
1786.935,2021
1481.031,14950
236.666,16974
550.586,9174
396.414,10376
374.927,16875
612.647,20791
589.085,1495
359.037,14807
650.647,17196
327.356,3126
220.236,224
421.968,4431
221.094,17635
411.697,10562
919.886,18993
551.656,16661
264.581,8248
508.157,13296
1323.56,14649
2543.846,5229
424.1,870
426.165,8417
452.07,18408
497.737,10985
1379.059,14380
803.617,1533
3218.197,17366
877.949,4062
587.655,11915
637.3,12151
506.116,10307
570.956,15813
485.327,2557
1438.221,10761
466.207,11718
234.365,16459
1602.616,15032
471.27,5471
1907.02,19998
207.681,18633
440.898,16221
626.404,9290
547.517,10743
1904.442,5266
318.953,14926
476.166,13230
205.791,15913
556.183,9147
513.821,9818
1470.613,14995
253.204,6422
3248.322,15945
178.045,17358
540.869,6020
684.877,9120
1231.194,13362
819.572,7543
3533.559,13076
568.966,10332
218.297,1861
552.165,14118
486.527,12920
335.242,17466
460.032,13515
1273.237,8717
481.112,20453
283.668,3021
480.02,16358
500.672,601
370.094,5659
536.915,3214
221.934,14901
520.848,5559
537.695,4572
279.953,2866
658.764,16079
577.344,4661
97.178,5125
576.875,2762
299.439,6515
562.671,12736
795.617,10483
295.977,15443
730.55,13449
537.886,2577
283.767,18251
1451.077,5512
571.924,18184
366.279,17022
2791.253,7408
455.864,11195
426.782,7798
1062.829,14413
483.799,18543
830.301,8973
327.271,14726
490.537,13668
290.118,15631
2297.631,1417
520.243,14360
517.023,15657
1846.653,11428
485.609,12915
420.62,10781
520.637,16938
2345.405,14497
1072.073,10410
589.14,8210
220.629,16391
416.926,10635
443.98,11984
709.88,11768
814.244,10128
283.196,5248
485.595,17386
1143.708,9322
417.003,4372
467.078,1203
260.41,17749
535.89,14161
562.777,1584
638.806,5954
269.728,12217
393.255,3531
1496.526,16022
-142.781,9920
664.593,7151
310.444,15096
524.562,10731
476.976,1671
380.44,7975
265.134,3374
1470.613,20089
297.931,15046
1873.452,8375
969.544,18434
1025.966,12944
530.495,18201
569.362,14654
430.346,8846
546.455,19426
467.674,3002
433.706,16898
485.613,12381
295.928,5403
565.099,10636
503.6,17657
644.842,5906
519.791,20124
333.912,5467
489.315,15521
559.545,69
2791.352,20890
510.394,10868
475.703,583
577.291,10035
693.152,11101
593.21,428
552.548,5356
415.841,3399
563.011,4782
343.605,17495
487.51,10586
553.282,10653
1245.114,16097
560.866,16841
967.822,4995
314.876,642
486.903,4535
256.94,19798
808.888,13801
289.44,17177
807.742,10682
249.293,20807
235.009,9953
330.988,6830
280.943,6626
572.491,14393
1871.556,11830
347.043,8703
421.948,1541
366.346,15169
454.407,9246
509.759,11356
475.476,17931
381.15,4071
938.865,15967
1397.69,14434
495.068,18395
372.58,12054
471.947,7978
377.651,3998
350.98,844
449.302,9917
1436.875,789
292.562,4380
532.624,17154
774.609,12305
582.899,10217
522.627,15029
252.134,18588
669.817,15108
722.12,4398
586.538,20298
827.583,8637
494.322,7803
728.188,2234
910.721,18852
613.379,4917
509.446,17300
260.651,6672
537.136,4035
1208.021,906
1390.373,10733
757.895,18020
811.498,9656
579.923,16982
507.054,16418
634.614,7305
1047.939,14375
1918.3,19926
560.483,1192
591.262,4373
630.695,20095
1218.435,17288
453.467,19227
448.733,12811
1037.44,11345
545.007,8577
1484.632,13321
339.194,9861
603.938,738
2003.783,11672
472.181,19516
457.16,12511
438.408,7145
448.268,17837
1586.619,17209
232.186,1657
325.291,3384
664.593,11526
547.239,16394
536.416,18417
1877.997,20418
1165.709,5176
471.72,555
203.644,10989
537.179,14880
1267.886,1800
1680.336,17094
495.355,5013
554.686,9176
1366.857,16519
386.908,12873
2133.54,9013
269.144,13103
577.021,6344
455.907,20034
267.384,5940
2298.956,19000
591.643,17586
459.035,8862
457.101,1050
182.314,8823
253.755,15413
243.961,3096
2309.868,9433
553.183,12871
1037.44,12540
858.488,2963
552.272,11967
395.595,4236
207.896,17353
208.347,5905
536.674,13596
1216.414,394
219.012,16802
902.169,10281
441.932,8413
456.555,8791
389.983,6727
1892.626,20572
552.539,18357
139.729,509
553.147,7945
165.078,4242
568.871,13666
401.789,10176
695.234,922
1247.975,20814
1626.696,20273
545.355,17133
540.641,15485
1649.297,8300
258.953,4796
1725.049,807
858.278,14138
253.551,14198
490.315,11049
756.029,12603
744.414,20417
494.542,9312
811.109,5492
288.878,6511
2969.264,8071
1393.957,16034
238.588,13357
668.272,7088
607.462,7694
295.271,1986
622.519,17129
538.77,8119
470.787,17122
517.277,11802
501.685,3059
569.338,13192
310.726,7120
364.806,10165
271.215,6401
917.985,4969
364.088,329
2469.405,6273
313.074,20767
762.469,3090
328.021,14579
349.618,18980
258.013,12323
704.178,18810
460.706,17398
560.192,5834
902.026,16580
495.808,13150
339.082,17130
464.328,343
2831.45,15363
524.012,31
389.13,10693
456.636,16963
1354.207,15850
785.618,10133
740.894,6309
593.722,8527
379.616,19152
542.655,17648
376.538,10526
1466.316,20386
413.222,10110
497.579,17442
395.184,20870
180.994,11243
568.981,4366
2298.956,10037
384.511,1388
601.679,5963
450.221,7414
568.448,6308
585.093,16837
391.605,19290
427.513,3582
276.241,2556
670.585,13510
1220.688,5893
352.931,13487
518.587,15973
547.448,6692
361.679,13844
502.565,15616
395.927,12198
547.707,6159
487.004,19871
507.369,2725
785.613,16158
1582.057,470
531.594,2702
516.937,15632
854.872,12542
602.744,10437
560.619,4611
451.271,16822
253.409,19294
462.055,11324
583.541,6970
384.765,10175
741.445,14822
1980.414,1833
320.742,9640
376.629,9476
10.206,2194
521.875,5673
682.847,17385
1940.632,641
476.292,9098
366.781,13575
696.836,20579
502.177,6887
511.841,18403
538.771,17460
1895.044,12092
480.141,7170
780.583,13416
266.352,14954
832.614,316
304.239,5764
533.759,10121
537.749,14026
756.03,6659
589.543,3665
547.644,13956
383.677,20288
475.763,674
329.322,20179
756.03,13764
411.721,19311
267.276,10319
531.892,9049
531.968,2061
281.78,20293
569.341,8646
404.43,11538
342.221,2809
426.816,8722
255.042,17445
547.526,10457
555.444,921
1149.637,20788
1459.317,6698
487.294,14538
280.801,20712
257.998,12747
1503.082,535
391.956,15592
258.145,2878
587.632,15334
1042.702,6360
638.228,6942
505.735,5301
470.979,5848
1628.758,4721
237.242,1610
943.351,1015
376.612,11581
331.342,20931
443.147,13558
284.478,2329
344.289,5917
897.369,5877
295.271,19994
436.185,13527
551.01,17744
425.224,12659
485.613,13916
1405.584,7539
513.986,13249
354.428,12711
1810.864,1755
937.303,11128
352.923,12205
435.99,8705
537.799,2232
192.01,18611
485.123,17789
406.691,2494
300.917,5151
1311.699,14246
785.597,12316
483.524,2347
785.526,8964
361.046,16951
770.231,6391
550.268,1359
288.38,19461
916.637,13326
267.315,12248
291.236,14094
1240.834,3151
512.197,11402
288.885,20093
1120.491,18520
1898.831,14642
505.266,4462
456.032,4143
842.284,20601
280.663,1531
531.941,16052
689.046,20359
486.871,7880
465.326,10554
237.426,19335
376.535,6225
279.26,13233
625.561,7790
379.153,13070
344.369,13865
248.564,12704
667.602,9487
1989.776,13049
553.631,7415
377.882,17230
486.797,14134
253.17,6522
425.252,7171
511.756,16012
615.244,6163
554.688,14193
714.162,8238
528.336,17513
552.363,4468
172.328,20810
704.942,14407
2073.809,18848
568.009,18010
523.991,17017
474.943,10423
841.274,17901
396.543,8046
597.863,10436
499.768,12247
460.123,5658
192.006,18698
377.284,18171
436.841,18433
466.678,12237
298.072,17101
195.957,10309
597.395,12283
1257.527,14077
551.87,4958
288.352,3207
227.234,4289
459.935,17571
658.754,4783
700.996,859
2952.008,17578
597.563,3176
1146.14,2889
343.958,231
1513.825,449
247.8,7937
532.294,6197
252.008,15612
580.039,181
584.278,18562
1235.39,3243
255.201,14858
452.261,5267
248.446,5892
388.759,16868
216.122,12888
1078.111,1189
725.457,1854
539.939,6039
719.124,3647
536.414,3729
553.049,17340
476.309,5258
459.164,5648
334.218,16339
1266.746,10728
579.175,990
918.876,5894
203.773,11311
470.887,3572
568.871,18586
988.721,1979
301.352,2796
57.513,17787
422.164,11983
2469.405,14355
517.068,1724
584.278,18601
175.549,17813
512.176,8867
345.075,617
501.472,13701
467.268,7604
538.181,18555
471.685,11804
1823.439,16121
858.278,16007
273.35,7920
637.097,13730
967.418,19654
551.87,14797
480.311,15719
313.608,19944
1511.203,4882
552.964,15333
568.142,10199
583.262,16636
532.894,20938
140.114,15396
551.297,16217
1232.595,19827
454.31,1749
295.191,16980
362.945,15838
467.15,12449
285.19,19260
441.193,13755
297.25,14593
255.201,6870
460.032,19738
547.981,5394
592.375,3544
392.711,8795
954.863,16954
376.516,5232
1653.001,14513
395.065,5209
695.933,11779
694.743,1265
567.637,12759
496.445,4880
562.587,17124
252.391,20270
1465.889,2435
537.471,363
2630.057,18298
411.578,18924
567.164,14274
471.803,20771
260.413,1481
417.003,12917
257.882,4389
529.68,17283
2125.752,5305
506.187,5217
456.464,20779
722.888,9618
407.975,10588
500.194,2056
405.089,1090
436.495,13982
354.79,13831
923.408,17844
491.405,4791
334.501,10515
512.445,8072
667.602,12568
451.593,12566
304.662,4873
1121.636,19331
2826.146,6548
1447.287,6045
389.774,8647
326.193,2639
486.599,11180
2891.292,18589
288.721,17294
623.02,15972
462.367,352
165.079,8830
392.14,8874
1670.996,1437
452.141,11810
501.092,10661
649.18,6113
451.008,15446
545.774,4263
431.427,16570
567.305,4231
435.813,6281
253.762,16250
372.085,5365
180.673,54
220.629,12749
432.856,586
597.359,6315
626.428,10280
452.075,12388
357.822,638
388.178,3482
354.79,3252
238.453,6718
536.297,12353
381.639,2116
564.504,7219
245.87,12639
2280.124,18642
495.808,10841
558.391,13081
516.972,13302
462.534,16466
527.572,9580
325.01,8437
738.351,6131
1435.791,2714
471.729,4551
1334.728,8185
562.424,5101
1878.48,15070
370.491,5092
443.293,145
426.608,7029
548.495,582
480.574,8713
221.807,12809
487.885,13886
323.645,20385
570.136,11432
555.22,14455
381.47,14651
143.604,10529
134.916,9090
612.31,4748
669.799,11749
316.184,5020
537.469,20024
390.859,18722
391.105,4241
971.098,28
471.803,6554
468.502,3806
205.791,4215
642.729,6366
566.489,13333
481.133,14925
530.497,16549
113.925,14293
462.221,13830
278.829,17328
552.225,3240
487.885,5418
1421.598,2732
276.491,18677
273.167,3853
258.507,12993
361.408,9883
381.172,7837
1511.203,10209
414.605,14523
356.718,954
460.116,7529
555.744,17651
340.665,19572
884.001,11354
486.667,9743
307.86,987
2460.567,20551
203.177,16348
706.796,11079
816.372,11025
476.227,12062
578.957,13123
381.225,14494
565.385,3830
552.396,5653
642.783,20027
551.612,10559
2735.436,14838
521.656,2297
2922.079,16677
143.604,14425
302.101,12232
312.001,9369
261.264,5993
465.608,4322
1051.544,8553
465.153,20144
817.647,17176
450.372,16897
299.236,19312
564.145,12393
595.919,704
502.772,15569
1174.558,16157
291.037,3990
3400.848,12239
783.93,20480
296.193,16495
547.103,15855
734.808,11959
459.035,7349
502.469,4840
552.567,3412
567.15,4582
748.905,19425
581.679,6555
272.074,9739
582.461,18236
517.354,17082
583.874,768
532.825,2331
1095.708,19512
548.585,9613
698.403,17510
461.39,11738
378.149,6503
2341.292,10692
564.328,777
223.522,10600
549.101,9171
678.365,14484
550.198,4169
276.397,11319
762.443,912
658.764,6641
739.886,5737
537.074,10296
239.958,15950
651.732,16582
214.943,8135
315.754,5712
551.01,12982
2343.971,5486
1889.001,11784
648.827,12671
547.907,5159
456.787,9347
1926.9,843
569.0,12480
341.058,5368
1240.846,11624
632.562,73
236.193,12202
510.569,17417
2094.206,16194
582.998,7232
293.645,12882
334.131,10689
562.136,15160
547.211,9823
472.734,568
483.821,16630
714.162,18618
587.655,3933
524.562,9951
751.227,10003
1922.582,2515
526.906,645
478.766,10262
428.178,10599
328.139,13808
511.108,528
502.12,6680
2328.383,17991
479.265,17568
442.426,16145
518.587,16825
552.354,18143
493.823,14966
1403.991,19746
294.583,15344
576.402,3568
914.51,11008
312.513,19528
468.923,4152
287.219,14873
423.53,9450
1642.476,15982
831.232,10966
566.688,9340
172.328,19113
465.192,1019
1967.756,15133
529.605,8689
529.153,5166
522.021,9669
506.116,15994
795.269,17890
486.598,13052
212.786,8148
793.301,679
836.69,20511
548.844,5419
2142.091,19783
1385.665,8977
289.385,5242
205.933,11958
265.16,7015
242.22,9453
497.574,13381
255.208,17541
2372.895,1422
557.354,227
402.764,16880
308.48,1723
595.301,2587
300.312,19509
135.241,3217
341.828,3089
572.545,822
567.065,8458
297.479,17410
281.868,12441
1709.455,7407
1918.404,6239
113.285,17936
553.909,6407
487.936,20675
536.416,13267
357.243,16660
451.979,17257
407.379,14568
423.739,232
358.431,4252
815.27,2947
445.468,3920
536.747,12913
518.457,5291
1006.495,7759
236.293,5243
1051.99,8772
253.6,2025
2547.299,10767
262.922,9155
245.87,8186
486.598,4017
2788.149,3180
1340.714,3753
511.787,16063
627.315,17192
218.875,3927
464.645,11201
584.278,1438
520.952,11419
846.878,14572
2548.191,12936
567.647,15303
451.921,18243
482.52,6400
517.035,19602
2490.832,6556
754.79,15447
412.986,19707
453.581,19276
426.429,15342
602.748,15953
1019.488,18033
1433.983,20025
739.041,16699
436.841,4039
505.36,18042
475.476,17591
547.064,13636
583.71,18167
284.053,1350
263.563,6976
483.174,13436
550.583,1731
551.948,18469
1148.628,3645
831.542,661
1805.342,18358
277.434,19220
584.278,1784
2265.179,19153
2778.856,5452
349.144,15496
704.863,7325
2343.833,5633
542.27,6896
313.074,11291
829.361,5235
255.201,5085
248.379,12037
683.212,12945
582.456,2790
461.628,13106
582.213,17111
295.87,3351
491.625,15061
618.674,3738
1802.892,20877
2455.773,3422
487.355,18765
420.445,18222
531.459,18615
216.105,11113
546.919,9257
252.124,2893
579.639,602
1370.578,17193
255.187,5656
471.947,18118
424.938,13440
392.57,6289
1459.317,13530
259.289,244
293.827,4000
389.774,19246
404.832,22
559.117,19677
476.871,2477
255.511,15089
131.895,14978
381.47,7595
524.716,6034
768.493,20243
529.041,19527
817.359,249
533.32,5319
473.538,14492
785.377,1613
815.079,6614
3054.816,7958
562.305,18913
552.128,14528
567.452,20086
451.97,5212
497.313,8306
868.92,11363
779.027,17388
445.781,9952
667.097,7747
213.084,19700
405.852,503
420.445,16647
606.077,16467
471.353,20172
596.622,17380
182.314,6023
381.221,16849
293.645,15677
457.116,8426
531.327,7866
224.385,17452
1029.647,19929
589.789,8543
552.94,20307
944.337,12837
563.285,9778
533.311,8313
537.621,4030
2125.71,17244
333.454,12976
2228.718,7983
1377.786,1133
252.254,14899
749.45,16015
466.863,3863
739.284,2466
240.322,6005
478.427,10758
396.684,3934
567.474,1997
547.145,4663
582.421,5980
515.393,16295
441.919,17926
244.295,1831
893.211,6935
504.394,12164
858.28,2671
313.769,20840
2977.171,6600
567.434,10832
453.023,2990
457.519,4984
1017.681,11670
502.708,16218
987.298,11487
2809.165,9306
986.244,8789
1454.784,14353
561.406,15764
1208.764,6053
910.624,215
2323.81,6055
384.42,19886
263.719,4769
566.268,9067
490.715,18808
444.897,722
939.415,15940
548.259,11707
474.943,12783
771.868,16583
280.285,14586
552.221,19758
395.603,15769
621.475,4600
502.286,9150
491.686,2860
589.085,19197
483.955,11261
489.986,7497
471.27,11688
486.556,208
664.593,18260
567.056,8582
510.769,19882
436.841,12061
360.896,137
425.224,17565
651.923,4147
208.03,3250
615.794,740
268.77,2505
548.259,13389
577.813,2147
391.315,10568
463.199,18671
513.823,17051
751.178,12302
551.948,2960
471.752,11555
1335.606,15045
354.26,1553
1142.869,2187
1370.515,16526
237.616,6774
409.963,6495
567.531,14596
802.806,13466
802.004,112
1073.378,16813
1775.375,5680
519.341,7300
340.649,15846
452.003,17125
236.368,20639
110.525,13407
497.195,6236
510.238,7615
511.47,3407
1406.572,10170
424.406,20297
227.945,20164
248.95,19733
486.548,6443
563.767,15740
784.101,5416
821.496,10084
617.849,15260
425.771,9653
476.482,12406
500.276,9113
907.884,3942
192.974,8097
468.058,14919
521.988,4570
442.407,10518
1471.318,1940
445.468,3921
537.525,6690
642.729,2948
733.072,20378
430.967,6764
1353.943,4109
525.529,9014
283.79,956
506.457,3507
391.543,15873
516.96,13744
516.496,14872
1815.429,10444
521.597,14794
274.184,6051
3239.754,5214
477.478,20782
471.947,4937
191.828,8345
523.158,17754
537.635,14517
501.685,4722
147.636,9116
465.054,11825
535.832,19403
811.256,18726
2110.607,3307
368.534,7428
306.856,6220
513.175,13044
377.588,3264
497.298,13182
208.029,5253
728.192,20819
238.588,19661
611.612,15641
426.782,17916
481.963,19802
461.736,15345
531.78,12267
446.807,6586
973.672,3509
276.397,13178
236.184,8581
1225.178,10338
670.116,19157
255.666,17342
266.929,13117
-602.989,746
380.095,46
730.058,9516
587.265,2240
411.748,13131
471.916,20331
431.851,18432
1907.336,15331
597.272,16671
479.534,4424
2517.367,5610
603.245,3092
344.117,12929
406.88,4164
305.062,5137
487.929,3348
510.367,8792
595.089,683
349.419,10814
331.585,216
267.506,17116
479.806,1204
-37.319,10126
534.533,17232
532.259,5815
2095.814,6019
417.144,99
279.489,1294
551.299,15111
464.179,5250
208.125,19241
645.006,13248
648.76,9327
370.828,3111
2110.681,1796
376.401,17099
312.204,12930
299.707,2248
536.759,2353
477.221,1887
788.648,8237
451.271,20642
486.765,4161
1795.272,2498
2561.122,5484
385.426,19853
3013.939,4041
490.59,17344
798.867,19231
352.793,19467
489.99,5516
547.103,13289
333.957,9141
304.311,2611
623.016,2183
471.776,6160
536.423,11275
441.544,8391
328.436,9674
718.639,6312
322.86,20498
962.25,12052
442.588,1514
536.662,19613
286.626,5771
532.422,10651
380.069,7017
523.72,19718
2736.462,13168
602.784,4171
261.61,19939
470.887,12835
2004.337,4816
1613.672,19388
474.763,13006
978.093,18489
1072.678,18136
266.355,7486
460.716,1546
301.105,13702
488.736,498
576.255,3302
807.416,14581
500.252,14763
1613.727,19076
532.649,17107
561.937,8898
824.313,10033
1223.68,11615
259.816,15488
624.751,11359
377.284,1618
567.447,5646
442.721,3228
624.37,16996
316.695,2578
367.476,12777
520.556,1746
486.604,7550
471.822,16545
296.71,12420
265.187,10053
516.658,17427
255.953,8462
475.506,1534
366.062,3354
348.885,9972
501.008,1247
529.608,18453
551.332,8319
552.221,8901
420.887,14614
451.484,13927
1536.909,14920
1029.647,4480
498.586,2743
400.238,9111
503.784,8900
450.472,6445
971.495,9717
328.383,7955
801.504,5456
312.17,6731
294.332,20450
268.811,875
1755.796,5055
502.452,8393
2491.851,8508
420.505,13925
322.226,19826
596.622,11840
251.639,18609
353.323,16738
969.73,1079
1214.46,12476
603.965,10710
481.666,11730
770.615,12604
416.929,11109
612.835,9477
274.163,5608
387.988,16912
481.775,11945
658.127,15566
2720.503,7532
587.655,6831
253.104,18149
212.816,84
464.087,17145
436.465,8513
547.448,1067
467.067,17302
366.389,15420
3986.441,7785
281.78,1814
156.084,14712
354.428,6707
427.129,20250
567.276,11303
263.173,19223
642.727,10413
537.799,10753
272.572,8622
561.073,4182
521.921,6550
472.166,13386
256.174,20942
483.792,810
554.005,12146
439.361,17679
416.121,8590
218.932,7716
253.589,20336
818.297,12456
487.921,11757
511.97,6076
388.196,4990
386.888,2503
1218.435,7700
1415.847,15369
1902.035,12707
520.463,11071
252.963,8431
1897.826,20858
257.188,4351
834.466,11701
342.854,10454
461.81,17535
1962.394,13490
839.758,488
471.045,8610
511.787,12201
597.99,8537
699.412,5640
536.851,17262
401.685,16326
140.611,17199
895.789,3671
539.473,11987
544.293,10613
252.077,2949
547.441,1512
903.864,15896
449.644,5384
287.954,2067
486.869,9785
545.007,19057
499.304,13412
486.946,4585
263.589,9872
471.956,2273
785.746,20099
253.409,13224
935.54,5935
592.897,2033
832.596,913
563.285,15388
327.356,14322
1804.786,14769
481.372,75
482.096,4494
531.387,9611
580.92,19449
536.978,3048
188.325,10970
522.451,19879
491.66,11813
567.329,9829
279.153,9282
770.378,15090
279.216,16509
2203.755,18979
1763.454,19553
680.431,1061
110.52,10367
2253.659,8758
463.226,522
352.572,2686
683.429,6760
503.318,2195
636.832,14396
856.152,7406
585.831,2666
478.897,14159
253.229,12529
560.253,2010
1233.809,3793
708.938,16270
938.734,10620
422.449,9848
396.448,20150
1293.024,12907
462.602,17794
2691.492,4331
757.835,9210
465.755,19135
547.404,17319
537.174,2682
739.012,10141
266.925,19281
-37.319,1836
491.497,15536
431.594,6777
527.369,19150
334.441,9563
488.775,1809
498.377,12261
280.207,9213
338.539,3009
1034.285,2867
1797.598,50
221.807,2728
401.789,3452
311.786,1777
638.702,12754
602.784,4181
567.164,18206
569.321,17227
1084.013,7204
252.165,8001
2145.827,678
288.515,5677
295.271,1200
567.561,7956
439.291,8538
881.636,10087
519.254,8004
495.808,7445
415.261,2288
451.357,14516
772.347,12755
551.919,11082
273.343,2481
486.153,14510
486.604,20240
393.206,19868
511.687,13424
474.889,20764
895.129,11415
521.784,4982
381.225,5593
335.087,20783
467.155,19232
775.561,6721
785.611,19503
272.2,9001
218.297,9217
460.337,3760
443.432,8945
434.934,7086
521.386,8954
500.642,4785
452.114,1517
769.477,3100
627.487,13473
1293.024,5826
533.76,11368
501.576,1971
748.617,1884
203.038,14673
566.99,1119
537.179,17721
633.38,6210
450.189,6847
455.544,11123
503.902,6409
457.799,9054
251.77,16101
363.483,14288
679.326,11741
739.01,4100
247.561,19013
674.51,1878
316.047,3496
626.425,5801
492.994,4279
1234.6,18680
748.211,14742
492.337,6276
364.426,13345
1017.681,12264
584.272,9266
565.232,13897
311.24,15487
684.854,16831
527.423,978
662.122,11976
456.804,19176
658.127,17220
233.423,4481
584.855,4317
553.101,9881
552.539,12668
470.738,13498
505.748,2236
586.755,18155
584.272,18792
552.711,16960
344.293,8967
748.57,14611
297.059,11254
587.655,11500
874.939,14376
1390.6,10116
858.848,5639
405.882,15454
633.15,17967
531.039,11244
300.921,19541
718.639,6442
525.104,20295
713.393,3350
442.407,3799
2125.598,18074
483.174,6466
1805.594,16324
348.595,16054
223.094,7601
4527.429,10152
212.078,12063
514.297,12243
491.405,15080
535.381,18479
768.493,2520
597.989,15585
282.046,1642
479.923,20374
1937.631,10580
1808.776,811
575.897,13638
449.112,16410
481.609,14341
482.869,3193
1358.586,6506
654.411,8029
632.798,8955
873.091,20504
2048.526,17084
2134.24,16649
501.863,15772
532.068,11702
910.358,2729
435.46,17946
293.908,12078
293.84,4950
255.042,11644
420.269,7313
1062.559,10026
182.344,17160
319.314,15214
489.88,13341
751.227,9557
400.265,6908
457.021,8691
562.738,3684
532.872,9981
569.616,7655
140.355,7980
236.195,8626
1565.854,10450
3194.405,15576
550.971,18989
748.052,9697
562.088,3327
110.525,15231
854.5,4798
535.133,8450
376.514,15687
713.633,2100
785.713,5239
552.181,3398
271.894,10134
352.976,14263
486.622,12829
2315.063,2381
491.685,17093
523.94,10987
290.511,15892
984.9,4834
512.536,1928
555.927,18141
551.552,15093
568.009,8643
581.537,12453
553.953,13330
1878.48,4048
568.142,16720
1857.1,18341
495.808,9363
411.443,7459
397.898,865
263.163,4921
738.185,18803
384.732,8283
488.209,11393
480.336,15723
471.776,7018
507.236,20411
550.202,18490
237.354,17003
564.145,13698
506.117,15255
377.903,2907
508.862,11778
306.856,1577
1123.552,13074
489.99,14883
318.554,6222
518.467,13128
302.032,2434
480.953,85
212.457,12193
465.164,12417
579.307,8304
372.919,18877
366.5,1579
1698.139,1623
456.396,7500
971.495,12335
296.189,867
989.284,16759
310.448,10453
495.338,14969
302.39,55
692.699,8305
2775.141,12594
454.641,17429
479.421,7282
376.996,4
3593.797,9318
366.267,1970
788.966,12770
507.585,20697
626.925,19811
1891.389,10115
221.807,8230
446.678,2064
2283.672,4234
517.919,10903
2110.543,13255
456.439,1696
537.165,18443
294.787,15636
895.257,15436
2561.122,2806
1163.582,1544
238.405,1071
480.223,17066
503.44,5760
452.639,12957
630.24,18103
597.481,2573
472.906,276
389.982,8718
568.199,1235
308.989,1206
525.104,8855
388.063,5446
532.559,6937
2547.299,5849
503.902,9060
587.655,14591
484.169,4417
223.186,4135
1903.105,2959
1323.56,17783
562.617,18242
221.928,8595
1888.401,19797
1441.439,32
490.394,15869
547.583,15471
512.54,11353
1841.178,15720
455.859,7172
506.147,1212
2977.833,18317
125.74,6481
341.587,6437
453.581,16909
847.495,5921
571.856,17198
527.488,7960
361.666,4370
457.058,6147
532.703,5978
293.356,6403
486.765,16766
887.349,3511
829.573,11222
497.735,18514
313.123,18655
3218.197,6257
567.88,19983
465.326,12207
466.399,8564
1922.748,5713
555.545,17293
769.869,9736
182.103,16401
306.213,17974
296.426,19274
481.657,3742
1149.637,14265
546.873,10895
547.068,11161
564.671,10570
506.853,2165
295.105,11418
523.94,11485
275.565,15525
535.048,4142
4007.531,872
297.931,15963
381.15,9078
319.335,13715
333.195,17962
517.035,12210
726.022,3906
426.537,12171
466.174,10385
366.279,7473
321.609,11325
3172.275,1236
486.868,4288
552.324,3299
613.294,20741
552.175,1366
527.467,13979
532.422,16959
617.248,407
1873.561,16667
895.129,3405
200.771,942
374.287,19330
860.698,6765
249.687,4627
787.705,11516
370.364,10245
522.475,18883
402.962,7693
1260.24,12274
2432.245,16426
1010.694,2392
495.355,8332
532.422,3648
347.022,7614
333.983,15310
440.988,7731
670.18,12255
513.823,11553
658.754,9426
187.949,3364
1454.447,16341
742.747,11994
550.613,1211
552.633,19586
553.399,5230
511.347,16932
740.726,3426
548.618,19068
502.232,20309
322.606,15921
1420.318,5934
456.94,16931
579.923,7197
486.578,10081
1405.797,15625
3163.94,17799
212.686,4064
230.747,3495
461.936,3984
1289.055,4530
547.127,6531
650.964,7736
327.237,14959
497.266,10151
405.059,11423
354.387,14204
2753.202,18574
577.907,10055
519.892,7169
344.411,3456
1018.171,132
261.264,14661
273.343,10474
848.933,18873
537.98,12287
331.503,16342
467.5,3913
441.205,6377
594.95,14857
1304.872,16593
312.284,18772
361.475,19268
258.145,2118
2125.71,16470
301.352,4832
365.576,20174
546.467,13963
399.0,10275
389.774,12653
192.859,10132
1531.916,14223
592.787,13163
249.978,3425
503.889,12748
278.217,10646
401.024,78
562.263,6319
667.602,10683
1962.959,2387
1905.238,16068
422.126,14828
463.199,3556
1242.651,19764
1030.483,6238
316.726,7006
404.159,9019
506.599,2080
389.13,2027
251.01,2558
453.35,16894
486.685,15277
520.362,734
553.002,18062
505.676,2647
483.528,3486
571.514,13238
569.688,14561
436.909,11238
421.753,12284
365.504,10173
521.485,2589
2442.577,603
327.346,16141
984.883,15251
456.061,13038
587.655,4701
537.077,10409
808.31,17522
468.48,18511
452.261,6701
1130.981,7976
1770.354,1532
328.45,11679
844.415,8906
452.261,5115
850.275,6714
677.345,926
384.42,12892
246.178,9882
612.643,2680
1171.956,17369
552.272,14987
557.565,17378
622.967,6065
455.268,8420
764.071,9837
547.211,1987
531.757,8921
551.865,17873
552.539,6064
501.399,9960
514.74,5678
1850.776,20775
481.41,11212
267.241,16787
536.289,16752
466.399,12779
502.748,3735
510.569,16479
458.451,197
398.577,179
395.603,5402
532.076,15264
147.636,9859
456.283,7627
532.413,15141
298.271,14720
472.959,13239
437.065,10838
465.164,7100
700.388,4342
2592.63,12290
368.658,16336
368.348,13379
1312.569,7392
312.472,3049
520.057,1896
651.732,12495
653.172,2314
532.303,4877
583.016,15669
436.888,5571
350.335,5206
567.159,10046
326.567,18599
312.352,16873
455.684,6661
437.222,13047
482.928,17964
553.278,3173
551.898,1327
436.863,20088
536.295,2969
1875.895,4493
486.964,6825
552.377,11233
551.55,6793
552.571,9083
412.618,468
415.43,5121
427.317,1726
1973.328,12595
567.648,17935
272.96,5430
221.227,7683
532.259,5730
482.346,20888
654.649,20352
1713.747,8397
290.329,19256
1319.339,9440
2125.615,6964
424.957,17426
644.203,12674
300.875,8958
539.626,8151
2655.788,633
413.359,11357
573.782,2511
1044.521,18658
907.06,4046
272.712,11414
490.023,8187
570.136,15236
882.41,18220
2283.789,18804
1572.542,2824
237.39,13689
337.687,12810
1481.396,15197
467.23,11379
524.829,5983
208.648,7630
598.06,7585
231.92,3855
718.157,20132
393.174,6633
473.848,3836
536.416,11748
486.869,18097
948.467,2023
2314.692,10510
465.128,7981
552.735,5569
510.34,3273
532.079,14693
531.813,3178
617.849,8278
567.625,94
471.627,13811
559.517,8926
381.134,20212
381.361,16955
473.436,9938
705.078,9902
1234.6,5362
487.664,2822
470.659,5296
466.861,2478
469.346,7367
2080.642,20886
563.491,9046
250.669,3897
252.165,18967
922.996,2202
3014.191,16811
317.416,11474
983.973,18478
735.934,13981
788.966,1358
599.442,15007
260.422,7437
476.973,13374
387.665,4977
1590.184,17599
480.311,8344
1078.015,13789
441.579,10164
551.948,16791
473.485,5785
280.799,5622
162.641,7504
1170.543,14011
612.927,15408
516.757,13284
489.271,11204
567.298,19418
582.223,1410
474.617,10401
536.946,10750
393.7,13001
299.707,2518
293.757,10816
1887.858,13650
368.354,5461
486.551,8399
669.799,20229
467.263,15228
340.78,2655
700.906,20425
368.969,8698
1383.889,3211
530.448,2231
823.685,15639
536.96,2612
535.412,3421
415.511,16934
552.477,4454
399.127,1392
764.84,2988
223.051,10008
670.585,4974
344.152,15379
3509.434,10107
340.23,13745
1887.785,8070
268.79,2780
520.519,5568
700.141,3778
542.746,3817
263.787,12471
955.756,6865
536.372,1558
510.826,4375
709.488,20707
280.562,15492
1317.345,12189
2125.615,4473
369.473,5969
550.613,6898
567.146,12364
567.784,5615
527.799,4623
493.719,6756
546.028,4418
2006.423,2184
551.87,9208
597.641,7010
486.701,15477
891.396,10734
280.681,16493
562.719,7454
2983.716,7816
547.707,17458
375.413,5627
431.73,2030
1889.001,1656
248.014,10885
487.885,1160
527.463,19741
750.384,1490
333.544,1768
470.901,10344
700.788,14354
527.432,20517
223.01,2793
584.69,12033
248.466,1286
597.8,15861
538.177,17734
248.924,10282
715.013,14369
584.278,3834
554.602,11493
549.002,14365
562.461,1281
554.617,6786
-8.601,387
362.266,18573
551.942,8042
4135.917,7039
529.153,1215
1125.324,5479
456.158,12270
524.185,17305
898.694,12225
2606.04,19456
230.176,9551
212.306,18013
241.34,1004
377.933,1081
268.482,5889
561.835,18811
3509.434,17996
435.229,17856
753.298,3261
756.03,5345
518.834,4043
1309.494,10353
1670.996,18273
252.047,12522
342.823,10480
393.066,3078
597.44,16536
537.734,17684
477.983,17558
559.69,15254
349.598,20208
352.563,2941
1218.13,17047
382.645,6249
416.214,16707
304.001,7358
1137.835,5909
227.398,5612
551.948,7957
971.723,6328
436.45,3192
451.555,9261
268.188,8530
376.321,14102
1167.234,7016
222.726,11253
377.253,13807
633.528,580
421.918,14548
395.927,325
205.791,17871
317.057,20657
485.613,3293
678.365,11245
347.988,18663
797.972,4944
436.841,3895
602.771,20633
502.833,471
551.865,5549
482.38,8271
318.724,19895
568.471,7669
487.936,14785
1442.427,8861
221.807,19445
822.735,13862
533.836,19629
547.448,9226
297.346,10481
525.271,8141
586.322,19252
471.947,2499
465.606,11881
575.99,8155
253.589,1522
467.078,15261
318.658,17886
986.244,10935
384.482,15230
648.76,16164
402.962,18099
303.255,16619
859.837,19694
554.083,5290
1899.136,14700
567.057,10698
530.448,17908
350.521,15908
549.201,10193
1511.787,9911
778.969,1208
2343.723,16818
438.934,9707
1249.053,20930
639.758,1767
920.325,52
147.636,3562
496.26,14695
441.205,7666
537.852,12635
223.186,3341
421.857,10844
2891.931,17089
296.862,10775
2629.034,19427
2361.16,18585
302.552,13400
307.566,16860
602.756,17469
374.29,11262
567.146,14236
296.965,3276
281.804,16588
567.784,20221
502.488,20552
495.808,4294
527.467,6471
259.641,9185
1901.439,4803
546.022,4233
486.47,4003
456.875,16498
383.636,16650
670.18,16202
366.755,10261
273.561,16366
532.846,13084
234.034,13568
3669.185,11969
472.088,18582
251.993,14275
865.531,10617
311.579,20529
2213.269,20304
667.568,14941
584.278,6613
502.469,8221
342.221,13344
592.368,11503
346.602,14310
221.807,12874
361.866,1185
1489.456,2749
326.483,2652
521.22,13717
443.147,12891
536.42,14391
542.134,10269
963.948,20541
291.177,13258
414.413,19112
2762.884,6713
460.45,20051
742.696,10452
506.335,3837
506.305,2606
436.535,1085
369.544,10426
848.345,20314
2791.253,1680
360.459,9178
125.737,18974
312.179,8787
533.759,10360
722.12,10372
1690.065,11338
667.518,16252
236.768,17180
470.409,627
586.068,1766
1329.523,10584
574.18,14402
567.255,2440
381.173,5925
222.399,3680
582.628,1614
456.96,20469
618.674,10567
698.199,4403
232.398,16350
530.997,2035
3172.275,11290
485.091,4192
2045.047,5738
224.774,4167
2344.45,9771
427.828,11347
770.546,17389
446.197,14192
551.297,2122
7132.33,11612
942.994,17598
1084.199,19912
550.586,11531
862.365,14112
562.52,19778
505.678,15423
495.808,18523
554.083,4139
208.682,9280
337.282,10300
3600.395,19054
904.026,3294
534.894,10690
888.61,2024
451.465,1082
425.932,14278
297.346,11859
1993.814,9480
690.068,13446
346.952,5093
482.58,20452
567.863,19310
429.063,993
427.265,7852
158.391,12814
553.278,6358
572.821,6643
347.02,2460
548.488,7210
1614.083,19072
293.203,12926
267.344,15587
333.35,20619
283.422,18377
1135.162,11028
1087.605,13901
781.522,17503
516.908,16262
565.232,3854
522.319,13863
436.658,3263
838.928,1870
1410.485,15703
465.58,16681
610.851,13263
486.419,12064
417.103,499
426.01,10111
254.313,14292
222.808,15893
1854.845,14741
363.542,3419
1903.841,15084
1624.851,17511
396.595,11451
447.147,18789
176.987,14972
485.614,8047
926.205,9909
296.204,9064
413.247,12083
877.993,8870
262.75,16469
551.79,18730
418.077,8280
671.839,128
720.569,3636
1557.321,6832
356.168,390
455.363,15366
303.931,16383
110.525,6815
355.476,6850
218.907,20162
438.293,15030
486.681,13318
576.995,13950
1393.957,14709
531.5,14749
409.167,16987
551.865,10382
722.427,11552
268.696,16936
259.362,10839
608.031,5483
218.875,1115
391.315,9107
603.965,14732
132.514,5667
502.708,3409
300.921,7576
858.28,14938
184.093,19243
276.191,8521
1312.569,19790
406.691,16392
522.755,13441
383.843,5018
502.565,20878
372.837,15848
512.313,12896
536.292,19607
1802.897,18303
597.3,9156
567.15,19019
546.419,7906
464.49,14988
551.651,15866
268.471,1597
281.089,12299
692.678,5179
552.153,5186
612.948,996
393.707,393
270.312,9539
355.476,8869
592.368,12830
205.791,17781
135.241,19020
328.021,4703
389.983,12619
357.807,11527
576.871,20303
529.017,10327
693.152,17498
389.774,4023
534.929,18820
536.96,9725
442.677,4146
748.57,17213
561.073,15438
595.832,16812
2110.607,10878
895.993,14219
455.131,2304
1481.031,12684
193.518,12613
528.802,17329
467.494,4612
707.961,9015
332.99,4208
344.1,2415
408.182,7130
1218.416,20382
812.414,8251
436.763,19043
317.758,5298
611.576,17076
280.688,414
552.582,6627
714.012,18398
-79.821,14703
1029.483,7549
513.831,10350
464.142,20009
599.938,4622
1225.178,19271
2016.594,19567
318.937,4251
553.114,2610
1575.048,8274
459.349,20937
1904.205,2782
782.119,17126
248.95,3062
531.688,17028
550.978,14976
1802.891,15005
1937.792,20940
252.993,19320
4964.471,2869
598.709,9264
486.166,12065
252.082,20042
457.519,3291
253.555,6965
1037.244,2446
1802.892,20000
426.442,9770
576.13,12662
376.57,13188
547.797,10637
532.294,10009
253.6,9892
324.487,98
327.896,5886
667.602,18623
219.561,20729
508.082,9961
223.217,3246
229.086,368
2110.543,20011
1856.97,20777
2255.702,7678
918.406,14412
1159.584,19820
501.272,3427
597.107,16596
755.31,1457
534.551,20128
439.409,17546
546.758,14532
223.03,12440
384.544,8386
388.178,20214
1134.294,3567
562.504,356
781.522,8519
763.073,15327
2002.266,7787
1137.835,8364
212.303,18217
304.702,13442
551.941,4850
551.552,9690
396.481,9403
1151.121,9248
312.179,15374
255.208,1606
442.667,5024
472.55,1793
517.349,1585
614.364,15685
353.746,15414
430.712,3553
299.921,3720
284.603,15880
223.232,8771
456.445,15998
267.234,3279
443.869,1304
376.245,11436
404.159,16916
486.778,17282
2500.554,13667
202.921,16296
456.032,14895
864.87,20478
503.49,11318
553.889,10464
377.77,6858
766.75,17850
658.787,18740
213.084,8165
365.791,10232
627.24,10169
1805.608,15867
670.03,3219
600.654,3074
267.506,16603
1407.432,15987
459.062,16329
2110.607,4267
532.232,17418
566.988,12582
-2.671,19839
1417.989,20563
549.838,2695
2636.018,11659
582.355,20328
285.412,18701
644.93,19064
780.587,1028
469.44,11871
822.735,19082
376.774,8347
248.025,8056
553.949,11187
624.704,2501
508.488,12692
470.979,18256
257.449,4186
811.029,2464
2734.129,8963
268.6,5071
134.93,7235
325.115,14834
184.093,4907
659.342,5841
278.21,18316
336.199,15385
513.821,15318
303.014,8404
400.265,1646
161.973,6619
577.079,11463
959.249,2887
2765.824,17281
2500.554,11320
1225.178,3079
313.236,11521
1920.528,16542
791.963,2984
2917.069,19655
369.33,8082
110.665,2911
286.32,709
252.254,7521
973.436,18957
1805.605,11200
974.325,5515
908.491,2839
553.47,3594
577.874,1311
242.192,6132
1175.229,11090
375.934,230
2323.306,8355
125.74,16072
594.287,2038
391.605,17236
1330.591,4416
758.878,20611
428.314,730
263.054,19421
764.071,3652
487.499,20348
1907.518,10039
353.318,9395
514.317,11584
740.894,7616
1436.561,9704
596.622,18568
389.774,19549
480.338,19229
463.836,3428
455.298,20449
578.957,16137
742.76,4690
1233.051,13899
319.108,8369
512.675,17260
308.879,20539
1931.458,1201
1624.552,15654
552.511,10609
655.3,8339
5324.921,3515
352.085,110
482.433,20925
263.591,9926
465.164,10351
376.786,20255
676.279,11908
1088.81,15038
1877.119,8868
3247.552,8268
815.271,13061
1436.387,4835
1442.764,3928
587.696,8522
449.0,14403
501.817,3143
182.314,14743
486.604,1923
586.149,7285
309.026,9806
413.457,6237
1614.595,16539
3320.509,10574
501.731,4605
552.352,12459
2359.258,10377
587.822,11995
895.993,15378
301.561,12844
389.774,5918
420.505,20560
739.001,4254
1417.97,6304
568.673,2811
1755.812,483
261.253,9081
2110.607,7338
553.889,12034
352.976,7005
561.399,3473
257.643,16525
760.594,12726
481.865,11278
836.99,8657
2841.08,6845
357.459,8978
547.186,16059
674.627,8412
204.536,6287
237.39,18706
577.792,3402
496.26,8106
812.8,8499
557.494,3765
730.076,8994
1098.471,19261
246.227,5172
1027.914,11032
734.805,1909
1573.67,15891
267.496,8510
299.16,19609
395.473,19904
543.996,13264
552.352,9576
561.945,4321
562.634,8524
699.412,15779
307.34,8145
1888.546,15990
551.612,6143
478.209,3152
1118.238,14708
295.271,6438
582.658,6125
546.022,17217
278.244,18958
295.271,4868
608.031,4706
548.165,10420
551.149,2343
513.347,5722
1118.939,18930
559.522,8144
268.482,10123
536.728,12263
728.235,3856
425.715,6101
266.524,7165
755.31,20136
1452.22,18397
510.34,17955
585.831,13617
723.718,4905
404.09,20275
253.104,13610
519.952,4426
1381.75,16210
713.746,6097
394.88,9803
406.88,19062
1046.674,4227
1815.931,4187
205.791,11593
1464.73,10629
391.79,3142
446.676,17531
578.96,8858
293.38,11845
552.066,1147
466.486,18646
1100.237,6089
352.847,4566
448.302,11677
698.278,533
486.598,4065
316.566,17360
304.22,5555
337.024,12715
466.889,8780
533.317,17639
562.954,20440
708.941,7626
1491.069,3968
704.537,1519
512.536,18997
242.22,16673
377.398,6708
518.467,16178
221.294,14714
507.041,3644
594.086,11841
285.256,4614
452.142,17316
529.167,19474
206.607,6930
732.851,3268
296.193,10857
515.309,550
2148.248,16287
1701.556,15224
547.583,18252
1838.862,3654
313.074,6492
232.278,13266
552.644,10777
256.96,15745
612.295,1029
318.013,19866
424.899,4120
487.093,7225
1592.837,17485
865.159,16622
609.508,934
546.746,4093
304.839,9278
441.992,15567
1460.773,894
740.726,1734
870.314,16782
546.678,6710
233.458,10988
576.13,12762
470.995,5949
295.892,12426
558.533,17594
549.101,5177
520.584,6288
375.425,17929
470.918,1241
420.512,20044
552.066,13426
373.879,5286
258.131,688
379.862,20802
532.068,6181
410.363,16374
1494.466,15556
552.158,16533
1031.167,16827
2124.03,138
302.682,11471
532.068,10109
344.411,13227
279.26,5327
714.039,16024
381.189,6514
2010.597,5539
313.266,13628
384.382,7040
518.834,1381
546.028,18940
339.229,2379
739.041,7844
573.473,25
874.999,9339
4945.002,10477
998.965,6482
536.416,6730
290.458,8864
287.219,5789
503.31,2427
495.131,18570
576.042,16684
339.194,19465
211.801,10502
595.543,8989
1802.892,19989
216.937,12876
1376.329,1789
1004.406,11763
298.685,10821
324.318,8158
501.566,1264
1180.261,676
491.405,19278
287.435,277
1259.908,18352
517.668,9112
207.264,6647
586.136,4692
400.924,12038
496.593,10863
1144.722,9139
471.66,5823
258.145,2531
482.525,9421
768.493,14083
1156.839,3801
987.332,13685
520.805,12631
517.733,12501
421.963,303
381.097,3618
436.354,14316
192.642,12028
519.836,5475
532.422,13669
565.832,13662
412.598,18467
380.174,2535
2344.967,3044
363.503,7888
473.863,12790
1994.044,19107
2142.074,5647
567.158,9980
2125.752,20787
943.351,18085
223.89,20216
500.697,760
-131.206,10097
295.861,5080
499.916,19299
218.647,17960
2473.999,6909
308.58,20805
359.521,9132
490.293,7780
319.937,7438
325.519,3122
279.256,12295
1829.439,9687
575.945,16510
899.605,9126
709.935,11406
684.852,14609
377.398,8882
2.853,19588
547.056,2308
319.581,7493
2753.202,8779
1054.351,16142
252.165,11673
525.551,13414
222.593,1342
364.533,14658
303.586,1323
568.419,4219
507.77,7299
466.607,1073
752.663,17464
329.401,9918
604.332,10847
2125.598,2641
670.058,9606
557.138,16423
628.115,7670
452.12,16026
178.491,12894
627.487,4012
564.429,18338
648.787,4264
188.325,2490
1454.447,3757
2091.431,11705
296.426,11483
568.13,8872
1077.395,10419
781.526,1617
2223.654,10792
2763.838,3947
456.521,2775
342.221,2966
537.167,12409
536.372,14207
225.497,13478
364.598,16464
568.921,15659
781.999,566
597.482,6587
323.651,4563
357.147,14501
1952.647,18760
1450.932,10234
2007.077,15162
1225.178,20923
449.644,10886
692.92,18910
559.852,5763
938.734,8287
582.128,8765
270.629,374
290.491,2208
2008.886,12166
1291.787,18791
984.958,11135
268.365,13500
1003.024,12700
395.423,3967
320.237,18638
391.315,4691
1491.069,1621
461.991,8550
470.893,1373
505.735,19270
500.44,3683
483.502,20604
370.491,12477
238.588,2912
507.133,4411
496.593,11309
754.499,2471
403.673,5203
494.493,8573
1918.706,7795
237.8,11507
512.407,1985
581.665,15296
452.261,14686
268.482,9713
513.381,3918
552.247,18240
348.549,4681
781.362,2563
544.162,13770
693.08,17336
481.858,19340
463.515,3732
481.863,2564
335.012,12661
611.174,12416
401.521,4057
379.846,4983
295.784,18729
939.415,1065
283.578,7613
340.94,9047
770.546,3157
426.165,9847
2008.764,5063
436.685,8396
266.929,4018
268.399,8799
1680.05,11631
755.352,18593
2746.022,16722
507.086,19393
517.706,12188
563.801,19423
552.876,19327
399.908,3437
452.261,12852
379.977,14488
245.87,19725
247.561,12565
553.953,11369
219.441,2814
304.03,10688
1078.212,9215
492.043,19410
536.732,4102
528.947,17444
492.024,246
391.667,19164
1846.401,1782
548.554,2926
521.06,11365
536.941,16018
698.289,7249
1096.885,1683
299.276,20067
2110.681,11236
2826.146,15763
642.727,13085
460.123,1124
472.642,8334
340.851,14808
421.541,6817
486.509,11797
206.501,13683
436.881,11852
206.514,15150
346.256,700
454.959,15778
265.187,13452
986.244,11641
507.086,17493
638.702,7873
2870.282,17602
774.582,6327
538.324,12629
515.555,2629
399.826,6214
313.8,19674
152.714,403
206.463,6427
405.748,3569
1124.572,6025
279.26,7640
907.012,12320
522.462,18999
1259.908,15499
436.365,2620
1870.44,5939
310.448,18426
547.143,10537
748.57,8006
566.402,7758
495.637,19739
227.12,940
853.719,13587
588.976,8502
522.085,6742
2008.706,2919
509.262,10658
431.73,5189
858.28,17215
2547.281,18274
276.115,18832
391.315,10227
280.994,6984
683.237,5265
716.677,10697
592.449,10633
434.057,13560
518.659,952
539.626,4807
552.954,7275
537.169,14903
506.97,1398
1215.748,20364
531.959,9939
509.446,20397
670.182,4960
506.116,2852
1111.589,10071
602.775,15094
396.425,1744
374.327,5881
246.31,18326
457.555,17662
2119.426,19634
1181.059,9088
448.727,14810
486.836,8188
553.638,13676
2048.526,2840
352.402,2210
1143.807,20444
481.858,18857
285.098,4561
525.296,20521
505.544,15694
785.618,8615
147.636,2170
2095.679,19395
567.99,10118
467.151,11623
472.15,11662
578.653,12196
558.391,7749
235.358,16109
451.398,15715
272.344,11640
727.206,10755
316.88,7779
1017.684,19743
586.345,639
479.884,8376
583.199,3288
270.864,18022
520.567,9944
481.867,5142
592.366,16668
521.825,8905
426.708,12148
748.655,9087
559.691,20402
366.5,7153
574.428,17987
511.787,9587
769.123,16195
741.773,11127
497.176,16025
492.73,71
478.267,17805
361.178,19460
532.144,9912
475.19,5361
2432.23,17447
331.325,11716
433.401,1818
396.712,12199
700.672,19744
298.69,5372
1034.028,15655
536.732,1485
739.041,4076
426.628,14860
432.911,7943
421.931,13565
283.104,9231
547.76,4412
456.229,13671
260.693,8923
262.898,8190
1707.511,4247
538.77,11202
896.445,3321
334.444,1894
326.323,18497
427.551,2624
276.397,4482
575.99,3872
1454.784,15157
562.897,2850
486.694,20816
292.278,7468
378.705,20096
242.22,8899
502.523,7706
683.555,4857
554.083,3674
551.759,13601
569.754,10995
829.573,16507
329.987,15184
605.623,15910
1433.052,14943
487.139,3258
1245.781,8843
1263.667,7913
531.953,13275
182.174,8557
470.133,268
527.463,8026
497.121,18762
292.453,12520
270.864,13820
639.758,6513
561.235,18000
325.972,4001
332.059,8414
1888.097,2849
431.427,17779
782.615,8916
502.655,13658
417.21,6785
658.764,20799
267.584,12571
237.254,20207
486.598,17539
445.781,17914
470.133,5083
359.408,4912
268.667,10384
567.596,15834
253.695,12395
521.837,2043
456.318,11429
534.302,4640
287.71,2766
927.088,12922
567.268,1244
487.297,8400
1203.176,10101
288.722,9279
407.012,14590
496.69,7013
471.618,17728
494.919,9069
1706.307,2354
1794.542,9708
420.445,6544
215.234,2752
470.659,13675
513.16,15078
467.873,9349
454.31,14946
1130.226,9594
517.659,7233
812.8,2077
502.084,6171
730.765,7082
596.587,2301
302.372,19888
205.933,15693
471.492,7059
368.345,7224
2810.913,16527
513.325,7506
237.588,17905
387.581,18814
518.457,10735
2021.063,13469
233.601,10493
1330.509,18926
482.152,10632
492.381,16950
463.417,16948
1587.228,20659
278.534,3045
488.105,19161
283.321,11695
282.613,19530
551.1,6822
957.194,19977
560.953,2723
1805.608,10265
297.73,6451
562.312,13649
713.757,16568
2011.167,16712
584.278,14850
513.152,15653
488.166,864
515.592,6999
774.341,7475
669.295,12070
458.222,18844
402.109,9382
516.565,19518
493.527,12998
228.477,13054
532.703,18653
524.346,6353
381.15,20693
1435.103,4429
1410.485,11449
521.917,12394
595.271,18210
525.29,291
684.009,12439
497.678,7098
360.786,751
460.439,15382
780.634,1612
694.346,20354
548.377,1059
497.195,4168
386.184,14119
669.491,15833
384.511,6895
594.217,14755
191.383,4560
655.383,4828
283.666,6650
456.553,7118
527.969,5932
570.584,15882
1024.272,8466
1382.939,16021
527.432,9774
373.879,11058
205.989,16471
587.655,16298
714.343,12725
567.15,1112
1965.053,4470
535.826,6303
670.194,20686
369.682,11857
518.901,14258
694.346,18325
263.47,19817
858.695,9515
1348.946,3269
2370.818,6768
459.035,11737
888.792,16485
501.731,4330
815.097,11416
263.693,4569
561.94,12985
566.788,2133
142.408,1292
321.17,1492
2520.345,18175
295.932,10807
240.14,15628
813.951,10487
531.11,18894
535.133,11085
394.556,4679
382.889,410
368.68,3777
457.799,7173
484.112,18178
2572.238,12984
480.811,16236
551.759,6282
550.202,1980
730.076,3114
404.166,17661
536.09,18650
357.22,13079
984.958,1634
570.913,8632
435.051,3528
951.248,7444
686.367,10732
1456.618,2898
819.588,16106
336.071,8410
1491.069,2733
376.822,2001
470.901,7450
1628.758,1396
1080.464,7776
302.316,15706
547.448,18953
486.719,6470
669.817,16918
984.958,13328
698.863,19180
552.051,16810
250.951,17730
1319.93,18674
578.96,14059
467.635,20853
524.826,1722
685.742,14592
687.958,11843
275.22,17776
291.957,11556
514.346,2121
443.212,173
1319.178,17242
650.43,13546
336.843,10915
207.756,4676
642.729,3870
1713.294,5277
473.5,11953
1905.238,12410
1442.764,8891
296.169,11893
464.49,16338
365.749,11398
1642.14,4220
320.757,15456
442.085,4869
345.648,11067
552.1,6229
298.823,16010
505.425,6244
284.545,7668
213.946,20625
338.403,9894
466.895,17982
1914.448,5726
916.62,4415
537.346,5204
147.832,18975
522.319,3357
280.296,5645
234.831,3639
473.63,15770
785.618,7689
512.026,3796
756.007,17519
602.62,7760
352.301,3981
302.032,12673
613.379,7831
460.439,4780
357.782,2303
1370.578,7455
298.773,20224
2505.722,9805
2735.436,20123
1568.573,16065
571.514,10402
567.827,10479
630.397,18290
317.082,5193
536.751,169
1684.613,10925
268.6,4471
309.297,1595
292.319,9670
549.493,10928
555.809,5171
627.605,7321
1137.672,5755
530.121,18410
467.237,3283
1245.945,3876
280.812,5281
709.49,5273
218.727,1338
637.909,5031
2819.271,1069
349.082,5436
534.594,16084
669.817,18128
246.072,7877
551.606,8293
741.461,10718
538.584,8088
2079.916,6552
384.869,11156
517.368,12003
503.318,1197
845.154,15402
193.518,5782
325.291,3420
440.878,2599
312.791,318
493.19,2186
502.177,8918
516.292,6797
346.465,9071
266.268,5256
504.063,19248
2330.13,5777
566.838,10430
334.056,9004
613.294,7535
313.299,6751
477.034,7558
348.069,452
563.801,9876
1390.002,19321
486.744,9729
563.337,4038
208.067,17638
470.949,139
552.454,11582
395.572,19822
389.297,12666
568.277,13793
1708.723,386
406.463,11766
500.642,9997
626.073,718
522.426,9577
567.305,12905
518.258,19205
582.583,17821
723.801,4677
182.475,13291
878.105,16253
540.929,8902
1909.497,5520
394.56,14209
586.149,18232
510.471,19519
569.847,1418
608.258,16155
1556.572,8358
2370.785,3230
1406.149,3657
591.935,20016
304.767,6285
325.992,1526
1857.049,19041
532.035,15239
728.786,5271
576.995,8984
1332.776,9536
468.48,20587
479.63,15739
221.878,11214
554.055,11348
1120.409,13866
534.418,10668
536.904,18259
491.685,18998
332.653,148
263.591,2528
919.195,1763
456.018,14054
247.751,7062
924.734,8618
577.874,14756
923.66,18077
626.425,5234
492.606,10373
602.756,7622
500.419,4800
2735.989,15561
552.555,9203
968.951,7494
267.315,3977
434.233,19309
491.803,14330
529.018,7868
218.801,4273
291.889,7739
713.66,4923
582.583,20943
481.668,9172
348.95,7133
733.236,13949
469.769,19535
340.894,2798
1160.139,10179
907.714,11115
521.685,9031
389.82,15154
297.253,3520
332.988,4588
471.801,20019
427.313,6696
252.701,829
330.254,754
344.152,11733
523.575,19927
1900.654,19747
494.91,9628
486.604,9675
1397.704,17545
748.567,8291
592.273,19401
263.569,13727
2811.022,13058
678.378,19002
334.211,13088
1249.413,1443
505.604,12020
831.018,12796
953.619,20182
464.705,6827
1402.679,19035
478.766,11940
883.27,15002
471.903,6017
253.444,20147
436.354,15860
481.905,13023
348.868,832
322.656,14167
333.351,18755
1339.721,10881
466.653,8873
421.799,8741
2106.041,13187
1993.634,11239
407.326,20825
2330.13,17267
234.148,543
458.645,2779
432.378,14440
1729.03,7094
316.037,15620
709.939,15371
586.376,8727
612.642,9448
582.523,5241
1010.694,8323
337.024,2475
569.338,18424
875.818,13217
641.026,8809
564.516,1817
435.985,19650
1019.488,8922
422.004,18746
303.586,19202
1978.15,2763
377.398,20187
340.751,2472
1933.715,11075
501.934,8790
768.493,16817
2780.888,13910
544.145,10934
808.31,5513
406.423,4177
613.807,17796
607.48,9462
392.57,19698
471.69,11632
336.782,7410
581.086,19146
645.617,1819
558.996,3973
2273.939,14450
385.625,3132
1192.19,12086
695.297,20577
532.068,10321
968.317,4221
1435.462,1436
570.554,13598
304.828,8737
396.646,11798
744.416,13410
1247.716,15713
1447.287,9253
475.442,20857
804.934,20887
411.383,5213
520.171,6242
758.521,18859
1826.911,10241
1065.136,385
450.238,16985
443.024,917
2314.044,8374
466.486,3758
366.638,460
377.887,6502
229.325,711
512.282,14907
570.295,7698
298.69,2344
464.142,4888
420.439,12334
636.832,7555
561.82,9723
521.61,4728
255.812,11478
389.774,2562
223.727,19752
316.562,6227
391.663,3262
317.296,13162
1777.172,10623
524.816,11099
567.305,1504
237.596,9554
283.82,18752
534.178,8716
476.194,17441
670.135,10077
537.734,1316
511.776,7356
312.001,9513
312.236,4638
1738.504,4390
1439.569,3781
497.549,10628
512.805,4864
246.227,1908
246.227,10509
471.502,8025
566.489,5015
554.083,10236
517.027,10769
381.869,6275
1803.551,20213
399.365,15086
592.694,14027
271.778,4896
1045.213,11392
487.528,16256
512.407,13340
2879.202,2326
318.553,14127
283.07,1594
267.496,7467
2299.022,13461
394.764,3345
206.665,18693
535.295,3305
522.099,13503
308.986,989
541.751,6988
253.006,4217
700.644,3352
336.847,16751
405.603,16463
434.104,20749
311.579,7766
532.063,10000
1877.997,4772
361.34,11944
531.459,2774
645.583,118
1192.582,662
313.044,16055
654.409,11867
954.4,20327
1423.615,9313
538.584,17918
255.193,20227
542.873,4165
439.409,13353
1590.895,4945
491.469,12518
199.734,699
597.3,16474
779.267,17031
516.799,13175
567.647,17641
762.801,344
384.28,4054
586.383,15015
318.953,18992
542.377,13743
742.699,3181
562.579,17434
567.065,14537
465.308,18353
639.032,7347
858.28,8817
2011.448,2355
1153.765,18247
353.731,3807
545.007,12235
465.755,19668
212.557,7682
1491.069,13171
553.953,2583
3598.81,19137
1485.942,19086
362.945,4356
552.539,19794
310.867,18531
2827.769,12861
482.291,15825
658.764,19349
577.376,16413
552.517,9822
537.338,10954
2297.631,6539
648.76,17725
433.098,20048
546.793,1973
1072.802,349
318.618,15428
486.47,9066
550.545,16192
382.733,7598
298.678,9825
2585.65,13616
316.024,1667
352.847,16648
532.894,8987
506.185,18064
253.213,15540
174.715,7435
701.32,7895
381.189,20622
433.914,3457
537.886,4609
216.823,10854
2110.607,15484
255.201,2227
463.515,7733
517.307,14178
589.737,613
624.394,16096
268.145,3907
222.759,13552
384.054,475
649.18,1889
545.192,729
205.933,15448
1511.787,1765
640.153,606
2369.993,6168
533.709,1107
552.319,5388
482.869,14698
300.921,18305
821.114,3534
417.168,13846
3232.768,4393
251.028,9380
551.583,8654
515.835,3903
1436.05,4336
577.692,18321
554.457,12972
295.932,1020
552.571,8972
449.139,9244
384.367,12285
927.163,20072
287.69,8960
549.322,20407
1494.516,8329
395.595,4086
251.037,9196
551.941,5201
428.056,16984
569.343,10610
750.451,19437
2329.229,14800
147.832,2529
632.73,16005
969.185,962
389.774,7992
278.14,9361
667.097,5519
1190.129,13090
1073.378,15110
1335.606,15262
2110.607,13509
1194.718,527
-79.821,11710
586.142,11234
1476.404,5036
335.093,20177
499.669,170
391.969,17544
893.214,9180
594.95,5984
552.139,9504
141.823,18901
380.922,7491
426.537,18345
950.607,15539
551.985,7436
411.422,19831
462.377,1321
642.727,2690
553.093,11232
932.216,19883
182.287,19469
583.769,7360
377.903,18885
605.959,19598
341.058,11437
295.271,7192
1414.329,10520
1026.235,5765
230.531,6279
281.819,13792
517.153,3661
1078.015,12279
918.792,4571
532.123,16899
2563.742,5496
552.964,9936
864.815,3298
561.764,753
253.057,16387
1392.823,19114
426.383,17204
230.493,16518
2008.886,10953
232.186,20384
250.062,8504
441.234,853
637.946,9272
909.188,13118
532.068,7101
480.575,14688
471.903,17966
1629.187,79
520.024,222
733.635,11962
2359.255,18895
567.021,2718
765.696,5434
516.675,6685
1390.6,13629
563.479,13448
487.639,8609
517.614,2710
466.379,7216
390.217,1405
2993.206,2534
322.606,5657
318.013,9432
1168.522,7124
2170.893,13657
2309.411,8480
1752.767,11384
553.645,5221
279.181,7966
309.13,8172
391.315,13926
218.939,20311
213.084,7272
547.451,2296
1393.23,19032
989.284,19374
532.435,13843
576.977,14074
320.969,2013
232.186,9855
288.006,16281
440.7,19979
567.276,14462
238.207,19940
441.768,4705
811.346,18375
243.654,7566
376.514,13517
511.637,20319
384.119,16455
438.406,18164
1051.99,11457
727.206,8254
755.372,3602
602.57,18107
612.835,16076
3400.848,9891
308.519,2550
322.628,8453
421.857,15204
110.525,9698
624.952,3740
469.992,3812
261.145,703
262.273,1041
498.013,3024
381.47,13358
287.712,11664
568.573,5117
551.867,12510
531.327,14735
429.763,16937
297.97,11980
401.684,13474
944.274,11511
567.255,13578
536.332,19162
293.779,9635
490.686,8445
353.056,20202
486.259,12887
254.107,1551
520.567,17693
303.506,19900
552.5,4197
2751.263,20482
493.214,2993
255.762,6207
740.141,6916
267.404,18790
2007.077,12029
2345.415,12408
610.563,14093
196.997,2935
81.719,20287
769.873,10183
1454.7,6780
354.428,6425
553.54,13261
363.483,19177
495.338,13160
562.244,6378
517.184,20703
460.337,19523
583.997,8640
223.294,11255
347.991,4266
534.526,17432
542.463,8366
1575.048,5567
1102.961,15497
381.134,1138
628.013,19841
1088.81,17327
1015.856,17334
2309.411,18091
491.523,725
320.508,5269
403.193,3963
2750.26,1475
1845.339,7988
567.146,1272
232.119,14704
530.15,14454
406.646,19980
1572.542,9283
200.482,15645
1559.006,13276
1137.835,9374
739.041,10598
562.362,15679
278.81,13126
223.094,11609
445.468,13780
658.02,0
501.472,5113
599.62,4209
252.004,20964
596.622,4555
299.009,14028
275.565,2615
532.5,12475
331.342,14249
981.24,19504
904.893,20281
858.848,3642
398.258,15603
577.268,10113
221.853,10736
2106.041,17128
575.922,13817
613.393,2451
850.255,12058
486.694,20001
315.808,13354
241.039,8585
529.527,1261
1999.901,12026
496.665,3378
389.774,15188
547.105,8486
289.263,3877
553.049,1876
396.971,15274
460.659,17159
536.96,11421
489.1,7266
893.284,10910
2298.936,1491
564.291,14408
211.801,1897
537.412,18976
2637.826,20372
529.153,11988
518.895,16600
522.565,3105
1248.164,18639
626.313,6429
513.218,9398
515.516,19500
407.36,1158
479.398,11928
1436.535,5965
1040.932,2930
1115.73,3165
833.275,4879
545.828,14328
770.231,13181
981.689,19210
569.338,15256
1754.435,456
400.245,2055
716.768,15419
1728.701,4747
305.588,12253
460.337,10927
208.853,12950
302.236,15851
517.93,11335
511.433,10471
256.311,13257
1466.388,14477
4075.886,6593
521.485,12523
737.287,10801
2110.681,17041
123.268,29
395.288,16156
573.297,736
654.507,12301
376.715,12392
205.933,13742
503.44,14793
627.605,6291
377.573,8425
848.212,11799
523.683,5586
551.983,17457
426.614,18117
517.419,14190
563.451,4026
484.846,10316
708.529,9077
388.343,259
388.662,8847
2125.752,11626
352.931,11013
364.591,4726
568.673,8140
327.972,5175
376.715,8078
248.025,11564
528.64,4529
1653.72,20050
661.959,18682
813.091,2402
438.807,16131
505.604,16286
801.478,13143
358.919,4144
436.841,13938
1907.764,4651
734.722,9733
432.971,492
283.07,4269
613.807,15024
483.808,1739
1121.853,12374
531.017,15544
602.573,3578
110.525,20233
478.125,13827
617.731,20146
2096.674,9324
320.748,11729
473.578,12508
268.696,14088
883.633,14076
639.939,2925
451.905,11661
1338.232,5199
465.164,8890
835.982,19001
893.211,10532
508.881,10422
147.636,3119
486.785,13524
283.027,16354
1160.255,4495
2345.71,9549
448.16,20167
221.807,11723
532.232,1465
418.199,3724
1646.356,10788
529.153,12120
396.412,16417
568.531,19760
334.548,4511
702.984,12319
1322.905,779
208.581,2239
573.37,8031
597.396,14715
283.792,20109
266.929,6918
436.435,13754
1544.142,18536
576.41,4318
303.255,5386
597.763,3624
213.084,4633
536.747,17040
534.526,4316
302.936,14242
426.505,5472
354.672,14342
1051.234,14648
1702.923,6628
627.487,14795
383.238,5654
935.54,15754
953.623,11872
553.47,7761
502.001,9100
2339.791,3467
280.099,314
513.338,3692
436.37,18544
1758.249,5868
328.705,3739
567.023,12954
223.294,20222
1452.766,3597
237.292,19342
502.278,18044
562.136,3358
567.15,5664
562.39,19193
970.724,1018
1890.214,47
680.469,3346
1005.412,294
482.261,4754
355.813,16857
523.606,14802
497.491,4504
438.586,8688
547.259,17772
1465.929,18864
1000.09,851
745.271,156
235.144,7653
1646.376,15060
455.36,15326
1454.784,9575
278.09,11787
471.307,11235
1030.252,16941
1018.314,3458
1917.725,13164
1895.044,17953
340.455,12094
210.457,17692
2788.149,7103
566.478,8627
492.381,3958
781.631,7246
784.691,404
1918.018,1529
626.081,16081
322.235,19551
335.242,17888
987.052,15130
416.148,8183
411.383,16537
497.176,4479
1175.229,20652
726.305,14080
502.287,12489
986.119,11054
397.118,13803
501.813,5287
610.891,7919
714.282,11743
266.538,11031
3373.688,20225
189.489,2015
535.151,4108
407.665,14982
237.901,2223
766.75,6461
468.463,14788
291.177,4443
739.025,11956
203.768,8635
564.516,13485
537.185,6762
313.285,13882
296.068,8686
682.523,15136
236.538,16182
316.03,13298
411.523,18026
266.112,2295
558.714,13065
2866.593,14078
528.815,9585
658.756,12356
1466.509,11647
246.904,16043
426.608,3542
602.497,6636
2339.791,11209
3684.23,12788
599.853,4060
1895.044,3626
266.574,19919
552.128,15748
541.486,9553
254.795,18038
704.354,18955
357.147,19872
1320.223,8607
1888.71,8748
354.666,5628
442.759,9963
377.588,1219
640.989,19874
2126.64,13790
815.83,19647
563.285,20704
1993.814,3766
278.697,9552
497.579,17071
205.791,16381
294.052,16380
532.948,6856
441.544,17027
302.316,3292
584.278,9769
550.922,8223
2832.591,18385
291.037,15841
502.632,5511
279.78,13959
381.972,16621
863.074,2233
239.36,9466
547.448,20763
205.791,12317
290.458,1733
381.408,20790
960.386,13382
547.451,13174
1019.488,16378
297.134,14085
355.621,3575
296.193,19056
425.234,663
303.776,10028
173.149,2172
512.519,4573
201.388,16976
405.622,19138
537.042,12178
451.754,16416
377.398,14547
448.65,20573
578.538,17430
280.296,12398
160.315,18322
739.057,16703
405.833,3988
377.398,4457
518.024,17854
520.721,10581
1360.548,5735
436.631,9522
526.838,17415
1814.057,15704
858.28,19115
368.339,1385
457.068,861
948.914,4458
1078.015,3007
284.384,11219
612.553,6907
236.259,19565
720.097,2237
452.261,15138
578.96,13537
2070.52,15707
938.153,3547
217.598,8343
382.072,554
461.418,11301
552.591,13158
536.628,11528
459.113,11726
967.556,1166
452.07,1191
221.403,15317
396.403,648
567.598,12158
1436.05,6007
281.987,15547
2110.681,12515
419.996,14033
903.006,297
438.408,18733
227.238,6162
680.431,13574
